Domain,Buy Now Price,Floor Price,Min Offer,Lease to Own,
40ify.com,777,499,499,Y,
Actuatix.com,99999,50000,50000,N,-
admagnify.com,3999,1999,1999,Y,52
AgentOhm.com,999,899,899,Y,10
agentvult.com,4999,999,999,Y,60
aioneuron.com,1999,999,999,Y,22
aioneuron.info,99,99,99,N,-
aioneuron.online,99,99,99,N,-
aionode.com,1999,999,999,Y,22
aionode.info,99,99,99,N,-
aionode.online,99,99,99,N,-
aioroot.com,2999,1999,1999,Y,36
aioverify.com,2999,1999,1999,Y,36
aiozest.com,1999,999,999,Y,22
aiozest.info,99,99,99,N,-
aiozest.online,99,99,99,N,-
AnswerMag.com,1999,1499,1499,Y,22
ardenfalls.com,1499,999,999,Y,16
areaapex.com,4999,3999,3999,Y,60
areaaxis.com,4999,3999,3999,Y,60
arubaestate.com,9999,8888,8888,Y,60
atizi.com,4999,1999,1998,Y,60
Autophagics.com,99999,50000,50000,N,-
autosverify.com,3999,2999,2999,Y,52
ayhello.com,2999,1999,1999,Y,6
baitsouq.com,1999,999,999,Y,22
baliAroma.com,4500,2499,2499,Y,12
beercreations.com,1499,0,20,Y,16
beSplashy.com,999,499,499,Y,10
betatoday.com,2999,2499,2499,Y,36
Biosyntho.com,99999,50000,50000,N,-
bluebent.com,4999,3999,3999,N,-
BOLDlyo.Com,1999,1499,999,Y,22
bsooy.com,999,499,499,Y,10
BubblePlex.COM,1999,1499,1499,Y,12
burjpro.com,1999,999,999,Y,22
byhubs.com,1999,1111,1111,Y,22
cafehamburg.com,2499,1999,1999,Y,30
capeloan.com,1999,1499,999,Y,22
CaraSetting.com,777,399,399,Y,7
caseyhair.com,2499,1499,1499,Y,30
cerebralic.com,99999,50000,50000,Y,60
ChatBrisk.com,4999,999,999,Y,33
ChatQuill.com,4999,999,999,Y,60
chatverve.com,4999,999,999,Y,60
cnamanagement.com,1358,999,999,Y,15
computerlapalma.com,499,299,299,Y,5
couchdecor.com,1373,999,999,Y,15
cruiserMag.com,1999,1499,1499,Y,22
crushblvd.com,499,399,399,Y,5
czechloans.com,14999,9999,9999,Y,60
dailynodes.com,1999,1499,1499,Y,22
daolify.com,888,777,777,Y,8
dekez.com,999,899,899,Y,10
DEMOisReady.com,1499,1200,900,Y,16
deployflux.com,999,888,888,Y,10
desiCyber.com,888,499,499,Y,8
doctorlogin.com,1999,1500,1500,Y,10
DomainPo.com,1199,999,999,Y,12
domainscrub.com,5555,4444,4444,Y,60
domflux.com,999,899,899,Y,10
drillingclub.online,299,199,99,N,-
EarningCollege.com,4999,3999,3999,Y,60
EasyEvo.com,4999,1999,1999,Y,60
elomu.com,4999,3999,3999,Y,60
etlian.com,1509,0,20,Y,16
euromarts.com,5000,3333,3333,Y,60
fastestcopy.com,1999,1499,1499,Y,22
Filmnology.COM,19999,9999,9999,Y,60
flowflats.com,9999,8888,8888,Y,60
franceindex.com,9999,0,20,Y,60
frenchherb.com,1499,999,999,Y,16
futbify.com,999,888,888,Y,10
gastricpills.com,1494,0,20,Y,16
GermanDresses.com,1999,999,999,Y,22
gingerList.com,1499,999,999,Y,16
gliomasurgeon.com,1362,0,20,Y,15
haggleBulk.com,1499,999,999,Y,16
haloStays.com,1499,999,999,Y,16
hitincome.com,1999,1499,1499,Y,22
HostJade.com,999,888,888,Y,10
HotelCrest.com,2888,2500,2500,Y,35
icelandhouse.com,1111,999,999,Y,11
IDsor.com,4999,1999,1998,Y,60
indostudy.com,2222,1500,1500,Y,24
innira.com,2499,1111,1111,Y,30
InsectBuzz.com,1999,1499,1499,Y,22
insuremelife.com,1111,499,499,Y,11
insuremelife.info,99,49,49,N,-
insuremelife.online,99,49,49,N,-
internetvoter.com,1518,0,20,Y,16
JobConex.com,1499,999,999,Y,16
jobsyork.com,2999,2499,2499,Y,24
JoyfulCoder.com,2499,1999,1999,Y,30
KarachiPur.com,888,699,699,Y,6
kashmirmag.com,2499,1999,1999,Y,30
kenmall.com,1499,999,999,Y,16
Kequi.com,888,777,777,Y,8
keywordportal.com,1999,1499,1499,Y,22
kindlyo.com,1499,999,999,Y,16
KoponZA.com,499,399,399,Y,5
latticic.com,99999,50000,50000,Y,60
lavbus.com,1999,1499,1499,Y,22
laxna.com,1799,1499,1499,Y,19
leathercards.com,1999,1499,1499,Y,22
LeatherJees.com,999,499,499,Y,10
linrio.com,4999,1999,1998,Y,60
linuxbeacon.com,1999,999,999,Y,22
listingsDUBAI.com,9999,4999,4999,Y,60
livefarming.com,1761,0,20,Y,19
LuraFlow.com,1199,777,777,Y,12
magZer.com,2999,1499,1499,Y,36
magzify.com,9999,4999,4999,Y,12
matxe.com,4999,1999,1999,Y,60
mechsoul.com,50000,25000,25000,Y,60
MeowManga.com,2999,1999,1999,Y,36
mercuryfarm.com,1743,999,999,Y,19
mindandsound.com,1429,0,20,Y,15
mondogym.com,2499,1499,1499,Y,30
mykidshome.com,1505,0,20,Y,16
needlabels.com,2499,1999,1999,Y,30
nicaio.com,9999,4999,4999,Y,60
nomforge.com,999,0,20,Y,10
nomzenith.com,999,0,20,Y,10
oldhip.com,999,699,699,Y,6
on.com.pk,9999,9999,9999,Y,60
onsitefreight.com,999,0,20,Y,10
optnic.com,2999,1999,1999,Y,36
ovaapart.com,1499,999,999,Y,16
paradisemarco.com,499,399,399,Y,5
pastajacks.com,499,299,299,Y,5
pateof.com,2499,1999,1999,Y,30
ph.com.pk,9999,9999,9999,Y,60
priceVR.com,1699,999,999,Y,18
princedepot.com,499,199,199,Y,5
publicbonus.com,4999,3999,3999,Y,60
quvzo.com,1999,1499,1499,Y,22
rankzest.com,1999,999,999,Y,22
rankzest.info,99,99,99,N,-
rankzest.online,99,99,99,N,-
ravenhotels.com,1569,999,999,Y,17
rebeb.com,4999,3999,3999,N,-
rentaltickets.com,1852,0,20,Y,20
replicateweb.com,999,499,499,Y,10
resellerland.com,2999,1999,1999,N,-
rocksonics.com,1111,999,999,Y,11
sahradubai.com,9999,8888,8888,Y,60
SEOcops.com,1999,1499,1499,Y,22
shoise.com,2999,1499,1499,Y,36
Shorics.com,99999,50000,50000,N,-
showyNails.com,1999,1499,1499,Y,22
silentYeti.com,1999,999,999,Y,22
slimbits.com,1999,1499,999,N,-
sosTHINK.com,899,799,799,Y,9
SouqEstate.com,1111,999,999,Y,11
starthauling.com,999,888,888,Y,10
streakahead.com,1499,999,999,Y,16
stuttgarthomes.com,1717,999,999,Y,19
Superposic.com,99999,50000,50000,N,-
swarmnex.com,999,0,20,Y,10
sysexpo.com,1999,999,999,Y,22
taskneuro.com,1999,1499,1499,Y,22
TeaSlay.com,999,499,499,Y,10
techteammates.com,1999,1499,1499,Y,22
techtenants.com,499,399,399,Y,3
titlevista.com,999,0,20,Y,10
tldra.com,9999,4999,4999,Y,60
TommyRough.com,1499,999,999,Y,16
trendypages.com,1029,0,20,Y,10
ullog.com,4999,2499,2499,Y,60
undeft.com,999,799,799,Y,6
uploadhelp.com,299,249,249,N,-
upyourname.com,1499,999,999,Y,16
veloxbase.com,499,249,249,Y,5
veloxdom.com,999,899,899,Y,10
venueSEO.com,1999,1499,1499,Y,22
veritynest.com,1499,999,999,Y,16
versaart.com,999,899,899,Y,10
vitalphotos.com,999,799,799,Y,10
VodFun.com,999,499,499,Y,10
voiceequipment.com,1771,0,20,Y,19
VRizm.com,9999,4999,4999,Y,60
VRsla.com,1999,999,999,Y,22
wakafly.com,1999,1499,1499,Y,22
webCAA.com,2048,1600,963,Y,22
WEBiost.com,4444,3333,3333,Y,58
whoisgrid.com,499,0,20,Y,5
xdigo.com,9999,4999,4999,Y,60
xraura.com,1999,0,20,Y,22
xutur.com,2999,1999,1499,N,-
xylna.com,1999,1499,1499,Y,22
ylids.com,2999,1999,1999,Y,36
zivxo.com,1999,1499,1499,Y,22
zonDUBAI.com,5555,4999,4999,Y,60